{"cameraMode":{"drawMode":0,"name":"Shaded","section":"Shading Mode"},"sceneLighting":true,"audioPlay":false,"sceneViewState":{"showFog":true,"showMaterialUpdate":true,"showSkybox":true,"showFlares":true,"showImageEffects":true,"showParticleSystems":true},"in2DMode":false,"pivot":{"x":-0.19952963292598725,"y":0.2406340092420578,"z":-0.20734483003616334},"rotation":{"x":-0.1907244473695755,"y":-0.4695715308189392,"z":0.10466497391462326,"w":-0.855670690536499},"size":0.19147878885269166,"orthographic":false}