{"cameraMode":{"drawMode":0,"name":"Shaded","section":"Shading Mode"},"sceneLighting":true,"audioPlay":false,"sceneViewState":{"showFog":true,"showMaterialUpdate":false,"showSkybox":true,"showFlares":true,"showImageEffects":true,"showParticleSystems":true},"in2DMode":false,"pivot":{"x":0.4884955883026123,"y":-0.15581154823303224,"z":0.8459339141845703},"rotation":{"x":0.13895413279533387,"y":0.2554326057434082,"z":-0.0371423214673996,"w":0.9562286734580994},"size":1.5157577991485596,"orthographic":false}