{"cameraMode":{"drawMode":0,"name":"Shaded","section":"Shading Mode"},"sceneLighting":false,"audioPlay":false,"sceneViewState":{"showFog":true,"showMaterialUpdate":false,"showSkybox":false,"showFlares":true,"showImageEffects":true,"showParticleSystems":true},"in2DMode":false,"pivot":{"x":966.1786499023438,"y":-4.9137654304504398,"z":1016.9366455078125},"rotation":{"x":0.1494373083114624,"y":0.4746309220790863,"z":-0.08207478374242783,"w":0.8636367321014404},"size":633.2807006835938,"orthographic":false}